image_path,key_pressed,key_code,pressed_time
gta5_driving_dataset\images\s_20250303_181516_763293.jpg,s,3,0.6945536136627197
gta5_driving_dataset\images\d_20250303_181517_510443.jpg,d,2,0.08573746681213379
gta5_driving_dataset\images\w_20250303_181518_338510.jpg,w,0,0.22127437591552734
gta5_driving_dataset\images\w_20250303_181518_866346.jpg,w,0,0.4028196334838867
gta5_driving_dataset\images\a_20250303_181519_268235.jpg,a,1,0.095550537109375
gta5_driving_dataset\images\w_20250303_181519_738653.jpg,w,0,0.17314934730529785
gta5_driving_dataset\images\w_20250303_181520_185098.jpg,w,0,0.14691424369812012
gta5_driving_dataset\images\w_20250303_181520_521402.jpg,w,0,0.14669227600097656
gta5_driving_dataset\images\w_20250303_181521_010010.jpg,w,0,0.15865230560302734
gta5_driving_dataset\images\w_20250303_181521_546061.jpg,w,0,0.12674951553344727
gta5_driving_dataset\images\w_20250303_181522_028912.jpg,w,0,0.12633347511291504
gta5_driving_dataset\images\w_20250303_181522_453595.jpg,w,0,0.2107231616973877
gta5_driving_dataset\images\w_20250303_181522_807905.jpg,w,0,0.13800382614135742
gta5_driving_dataset\images\w_20250303_181523_234051.jpg,w,0,0.1366441249847412
gta5_driving_dataset\images\w_20250303_181523_703313.jpg,w,0,0.1606307029724121
gta5_driving_dataset\images\w_20250303_181524_333158.jpg,w,0,0.13832664489746094
gta5_driving_dataset\images\w_20250303_181524_759111.jpg,w,0,0.16862988471984863
gta5_driving_dataset\images\d_20250303_181525_282912.jpg,d,2,0.09543132781982422
gta5_driving_dataset\images\w_20250303_181525_736406.jpg,w,0,0.22143125534057617
gta5_driving_dataset\images\w_20250303_181526_447041.jpg,w,0,0.18188166618347168
gta5_driving_dataset\images\w_20250303_181526_865384.jpg,w,0,0.2118828296661377
gta5_driving_dataset\images\w_20250303_181527_458205.jpg,w,0,0.1695265769958496
gta5_driving_dataset\images\w_20250303_181528_254536.jpg,w,0,0.20116162300109863
gta5_driving_dataset\images\w_20250303_181528_651586.jpg,w,0,0.16849064826965332
gta5_driving_dataset\images\w_20250303_181529_267233.jpg,w,0,0.13636136054992676
gta5_driving_dataset\images\w_20250303_181530_341848.jpg,w,0,0.3702528476715088
gta5_driving_dataset\images\w_20250303_181530_576345.jpg,w,0,0.10493803024291992
gta5_driving_dataset\images\a_20250303_181530_885607.jpg,a,1,0.11580038070678711
gta5_driving_dataset\images\w_20250303_181531_283651.jpg,w,0,0.15903687477111816
gta5_driving_dataset\images\d_20250303_181531_547785.jpg,d,2,0.08415412902832031
gta5_driving_dataset\images\w_20250303_181531_744643.jpg,w,0,0.06331157684326172
gta5_driving_dataset\images\w_20250303_181532_036321.jpg,w,0,0.1366276741027832
gta5_driving_dataset\images\a_20250303_181532_305009.jpg,a,1,0.07510542869567871
gta5_driving_dataset\images\w_20250303_181532_553232.jpg,w,0,0.11640381813049316
gta5_driving_dataset\images\w_20250303_181532_947429.jpg,w,0,0.26606106758117676
gta5_driving_dataset\images\w_20250303_181533_295962.jpg,w,0,0.14876937866210938
gta5_driving_dataset\images\w_20250303_181533_557582.jpg,w,0,0.12737512588500977
gta5_driving_dataset\images\w_20250303_181534_171920.jpg,w,0,0.1574265956878662
gta5_driving_dataset\images\w_20250303_181534_501320.jpg,w,0,0.157914400100708
gta5_driving_dataset\images\w_20250303_181535_274763.jpg,w,0,0.2665977478027344
gta5_driving_dataset\images\w_20250303_181536_118547.jpg,w,0,0.28490328788757324
gta5_driving_dataset\images\w_20250303_181536_973492.jpg,w,0,0.2223210334777832
gta5_driving_dataset\images\w_20250303_181537_521349.jpg,w,0,0.20146656036376953
gta5_driving_dataset\images\w_20250303_181539_234242.jpg,w,0,0.19975757598876953
gta5_driving_dataset\images\s_20250303_181540_079787.jpg,s,3,0.14940333366394043
gta5_driving_dataset\images\w_20250303_181540_667866.jpg,w,0,0.327317476272583
gta5_driving_dataset\images\w_20250303_181541_292424.jpg,w,0,0.20188570022583008
gta5_driving_dataset\images\w_20250303_181541_799720.jpg,w,0,0.16829586029052734
gta5_driving_dataset\images\a_20250303_181542_360753.jpg,a,1,0.15840697288513184
gta5_driving_dataset\images\w_20250303_181543_109830.jpg,w,0,0.3798708915710449
gta5_driving_dataset\images\a_20250303_181543_260033.jpg,a,1,0.04248809814453125
gta5_driving_dataset\images\a_20250303_181543_697459.jpg,a,1,0.12693476676940918
gta5_driving_dataset\images\w_20250303_181544_055550.jpg,w,0,0.17957401275634766
gta5_driving_dataset\images\w_20250303_181544_657615.jpg,w,0,0.37791967391967773
gta5_driving_dataset\images\d_20250303_181544_948821.jpg,d,2,0.09544658660888672
gta5_driving_dataset\images\s_20250303_181545_358528.jpg,s,3,0.1376934051513672
gta5_driving_dataset\images\w_20250303_181545_778125.jpg,w,0,0.20102596282958984
gta5_driving_dataset\images\w_20250303_181546_366174.jpg,w,0,0.3512532711029053
gta5_driving_dataset\images\w_20250303_181546_930952.jpg,w,0,0.34820032119750977
gta5_driving_dataset\images\w_20250303_181547_340503.jpg,w,0,0.15033340454101562
gta5_driving_dataset\images\d_20250303_181547_745138.jpg,d,2,0.12661504745483398
gta5_driving_dataset\images\w_20250303_181548_242676.jpg,w,0,0.3673703670501709
gta5_driving_dataset\images\s_20250303_181549_050763.jpg,s,3,0.11105704307556152
gta5_driving_dataset\images\w_20250303_181549_698059.jpg,w,0,0.510718584060669
gta5_driving_dataset\images\w_20250303_181550_104948.jpg,w,0,0.23193049430847168
gta5_driving_dataset\images\w_20250303_181550_859704.jpg,w,0,0.24261927604675293
gta5_driving_dataset\images\w_20250303_181552_008670.jpg,w,0,0.36893606185913086
gta5_driving_dataset\images\w_20250303_181552_608209.jpg,w,0,0.25349903106689453
gta5_driving_dataset\images\w_20250303_181553_337101.jpg,w,0,0.37093591690063477
gta5_driving_dataset\images\w_20250303_181554_192578.jpg,w,0,0.6095743179321289
gta5_driving_dataset\images\s_20250303_181555_375706.jpg,s,3,0.08506989479064941
gta5_driving_dataset\images\w_20250303_181555_771641.jpg,w,0,0.24297618865966797
gta5_driving_dataset\images\w_20250303_181556_313720.jpg,w,0,0.28554511070251465
gta5_driving_dataset\images\w_20250303_181556_979704.jpg,w,0,0.33865809440612793
gta5_driving_dataset\images\w_20250303_181557_384013.jpg,w,0,0.16855907440185547
gta5_driving_dataset\images\w_20250303_181558_463667.jpg,w,0,0.8869788646697998
gta5_driving_dataset\images\w_20250303_181559_112463.jpg,w,0,0.2014598846435547
gta5_driving_dataset\images\w_20250303_181559_810337.jpg,w,0,0.27428245544433594
gta5_driving_dataset\images\s_20250303_181600_422618.jpg,s,3,0.09562206268310547
gta5_driving_dataset\images\w_20250303_181600_919613.jpg,w,0,0.306046724319458
gta5_driving_dataset\images\w_20250303_181601_716148.jpg,w,0,0.568958044052124
gta5_driving_dataset\images\w_20250303_181602_183261.jpg,w,0,0.19044184684753418
gta5_driving_dataset\images\w_20250303_181602_652541.jpg,w,0,0.13755083084106445
gta5_driving_dataset\images\w_20250303_181603_154656.jpg,w,0,0.14024996757507324
gta5_driving_dataset\images\d_20250303_181603_656540.jpg,d,2,0.08901309967041016
gta5_driving_dataset\images\w_20250303_181604_045695.jpg,w,0,0.10613369941711426
gta5_driving_dataset\images\w_20250303_181604_701234.jpg,w,0,0.46526217460632324
gta5_driving_dataset\images\w_20250303_181605_208126.jpg,w,0,0.22177767753601074
gta5_driving_dataset\images\w_20250303_181605_760903.jpg,w,0,0.25310206413269043
gta5_driving_dataset\images\w_20250303_181607_125188.jpg,w,0,0.7087206840515137
gta5_driving_dataset\images\w_20250303_181607_816616.jpg,w,0,0.36061954498291016
gta5_driving_dataset\images\w_20250303_181608_292516.jpg,w,0,0.20467042922973633
gta5_driving_dataset\images\d_20250303_181608_493089.jpg,d,2,0.08421707153320312
gta5_driving_dataset\images\w_20250303_181609_031504.jpg,w,0,0.2735614776611328
gta5_driving_dataset\images\w_20250303_181609_773551.jpg,w,0,0.5404362678527832
gta5_driving_dataset\images\w_20250303_181610_565499.jpg,w,0,0.4969768524169922
gta5_driving_dataset\images\w_20250303_181611_549601.jpg,w,0,0.5194861888885498
gta5_driving_dataset\images\d_20250303_181611_820649.jpg,d,2,0.043253183364868164
gta5_driving_dataset\images\w_20250303_181612_533512.jpg,w,0,0.3164026737213135
gta5_driving_dataset\images\w_20250303_181613_158023.jpg,w,0,0.20045948028564453
gta5_driving_dataset\images\w_20250303_181613_845701.jpg,w,0,0.3675060272216797
gta5_driving_dataset\images\w_20250303_181614_280502.jpg,w,0,0.1692674160003662
gta5_driving_dataset\images\w_20250303_181614_929382.jpg,w,0,0.212202787399292
gta5_driving_dataset\images\w_20250303_181615_671883.jpg,w,0,0.2952768802642822
gta5_driving_dataset\images\w_20250303_181616_480783.jpg,w,0,0.26447296142578125
gta5_driving_dataset\images\a_20250303_181616_724925.jpg,a,1,0.1358189582824707
gta5_driving_dataset\images\w_20250303_181617_671597.jpg,w,0,0.6643376350402832
gta5_driving_dataset\images\w_20250303_181618_175546.jpg,w,0,0.18017363548278809
gta5_driving_dataset\images\w_20250303_181618_578510.jpg,w,0,0.16870331764221191
gta5_driving_dataset\images\w_20250303_181619_325255.jpg,w,0,0.19053006172180176
gta5_driving_dataset\images\w_20250303_181619_767310.jpg,w,0,0.20116209983825684
gta5_driving_dataset\images\w_20250303_181620_266862.jpg,w,0,0.30530810356140137
gta5_driving_dataset\images\w_20250303_181620_680621.jpg,w,0,0.18715786933898926
gta5_driving_dataset\images\w_20250303_181621_202618.jpg,w,0,0.22236204147338867
gta5_driving_dataset\images\w_20250303_181621_472503.jpg,w,0,0.13763642311096191
gta5_driving_dataset\images\w_20250303_181621_732035.jpg,w,0,0.12635326385498047
gta5_driving_dataset\images\w_20250303_181622_346078.jpg,w,0,0.44319748878479004
gta5_driving_dataset\images\w_20250303_181622_751507.jpg,w,0,0.17964696884155273
gta5_driving_dataset\images\w_20250303_181623_100694.jpg,w,0,0.10622143745422363
gta5_driving_dataset\images\w_20250303_181623_519875.jpg,w,0,0.17369437217712402
gta5_driving_dataset\images\d_20250303_181623_906361.jpg,d,2,0.10677528381347656
gta5_driving_dataset\images\w_20250303_181624_606998.jpg,w,0,0.411893367767334
gta5_driving_dataset\images\a_20250303_181624_803296.jpg,a,1,0.0853109359741211
gta5_driving_dataset\images\s_20250303_181625_838747.jpg,s,3,0.3057239055633545
gta5_driving_dataset\images\a_20250303_181626_163637.jpg,a,1,0.11621284484863281
gta5_driving_dataset\images\w_20250303_181626_343692.jpg,w,0,0.05347156524658203
gta5_driving_dataset\images\w_20250303_181627_017179.jpg,w,0,0.5469028949737549
gta5_driving_dataset\images\d_20250303_181627_480821.jpg,d,2,0.08384132385253906
gta5_driving_dataset\images\s_20250303_181627_778434.jpg,s,3,0.18860626220703125
gta5_driving_dataset\images\s_20250303_181628_130711.jpg,s,3,0.11623811721801758
gta5_driving_dataset\images\w_20250303_181628_855025.jpg,w,0,0.5897393226623535
gta5_driving_dataset\images\w_20250303_181629_503867.jpg,w,0,0.4966750144958496
gta5_driving_dataset\images\w_20250303_181630_549490.jpg,w,0,0.6329917907714844
gta5_driving_dataset\images\d_20250303_181630_961304.jpg,d,2,0.23264527320861816
gta5_driving_dataset\images\w_20250303_181631_807589.jpg,w,0,0.5294647216796875
gta5_driving_dataset\images\w_20250303_181632_936373.jpg,w,0,0.7777161598205566
gta5_driving_dataset\images\w_20250303_181633_260923.jpg,w,0,0.1693258285522461
gta5_driving_dataset\images\w_20250303_181634_172609.jpg,w,0,0.777472734451294
gta5_driving_dataset\images\w_20250303_181635_032259.jpg,w,0,0.6628611087799072
gta5_driving_dataset\images\w_20250303_181635_681057.jpg,w,0,0.22231674194335938
gta5_driving_dataset\images\w_20250303_181636_014885.jpg,w,0,0.1590423583984375
gta5_driving_dataset\images\w_20250303_181636_346954.jpg,w,0,0.149857759475708
gta5_driving_dataset\images\a_20250303_181637_060997.jpg,a,1,0.07643294334411621
gta5_driving_dataset\images\w_20250303_181638_070429.jpg,w,0,0.8859283924102783
gta5_driving_dataset\images\w_20250303_181638_494706.jpg,w,0,0.18178653717041016
gta5_driving_dataset\images\w_20250303_181638_803218.jpg,w,0,0.1577014923095703
gta5_driving_dataset\images\a_20250303_181639_529252.jpg,a,1,0.05272698402404785
gta5_driving_dataset\images\w_20250303_181640_004256.jpg,w,0,0.22165989875793457
gta5_driving_dataset\images\w_20250303_181640_272890.jpg,w,0,0.13753962516784668
gta5_driving_dataset\images\w_20250303_181640_616742.jpg,w,0,0.1588432788848877
gta5_driving_dataset\images\w_20250303_181640_959361.jpg,w,0,0.17018842697143555
gta5_driving_dataset\images\w_20250303_181641_234438.jpg,w,0,0.10490751266479492
gta5_driving_dataset\images\d_20250303_181641_599718.jpg,d,2,0.10697531700134277
gta5_driving_dataset\images\d_20250303_181642_194177.jpg,d,2,0.06361150741577148
gta5_driving_dataset\images\w_20250303_181642_696050.jpg,w,0,0.14852213859558105
gta5_driving_dataset\images\w_20250303_181643_698258.jpg,w,0,0.8422293663024902
gta5_driving_dataset\images\a_20250303_181643_968870.jpg,a,1,0.09442758560180664
gta5_driving_dataset\images\w_20250303_181644_407108.jpg,w,0,0.1783583164215088
gta5_driving_dataset\images\w_20250303_181644_596000.jpg,w,0,0.0641171932220459
gta5_driving_dataset\images\w_20250303_181644_778539.jpg,w,0,0.05212712287902832
gta5_driving_dataset\images\w_20250303_181645_129973.jpg,w,0,0.13754010200500488
gta5_driving_dataset\images\w_20250303_181645_410500.jpg,w,0,0.1475369930267334
gta5_driving_dataset\images\a_20250303_181645_603479.jpg,a,1,0.08538150787353516
gta5_driving_dataset\images\w_20250303_181645_967164.jpg,w,0,0.16847991943359375
gta5_driving_dataset\images\w_20250303_181646_587957.jpg,w,0,0.49498510360717773
gta5_driving_dataset\images\w_20250303_181646_966920.jpg,w,0,0.21117210388183594
gta5_driving_dataset\images\w_20250303_181647_357676.jpg,w,0,0.1580677032470703
gta5_driving_dataset\images\w_20250303_181647_750571.jpg,w,0,0.18876433372497559
gta5_driving_dataset\images\w_20250303_181648_367586.jpg,w,0,0.16776061058044434
gta5_driving_dataset\images\w_20250303_181649_091448.jpg,w,0,0.14866948127746582
gta5_driving_dataset\images\w_20250303_181649_445545.jpg,w,0,0.14749407768249512
gta5_driving_dataset\images\a_20250303_181650_073608.jpg,a,1,0.09479761123657227
gta5_driving_dataset\images\w_20250303_181713_812798.jpg,w,0,0.14742517471313477
gta5_driving_dataset\images\w_20250303_181714_724315.jpg,w,0,0.7831394672393799
gta5_driving_dataset\images\w_20250303_181716_033797.jpg,w,0,1.0765063762664795
gta5_driving_dataset\images\w_20250303_181716_556383.jpg,w,0,0.3485581874847412
gta5_driving_dataset\images\w_20250303_181716_974704.jpg,w,0,0.25269007682800293
gta5_driving_dataset\images\w_20250303_181717_292737.jpg,w,0,0.14794135093688965
gta5_driving_dataset\images\w_20250303_181717_706183.jpg,w,0,0.1380918025970459
gta5_driving_dataset\images\w_20250303_181718_205962.jpg,w,0,0.13810133934020996
gta5_driving_dataset\images\w_20250303_181718_821343.jpg,w,0,0.18980193138122559
gta5_driving_dataset\images\w_20250303_181719_222791.jpg,w,0,0.21128058433532715
gta5_driving_dataset\images\w_20250303_181719_637209.jpg,w,0,0.22135472297668457
gta5_driving_dataset\images\w_20250303_181720_168822.jpg,w,0,0.19094252586364746
gta5_driving_dataset\images\w_20250303_181720_562249.jpg,w,0,0.1811835765838623
gta5_driving_dataset\images\w_20250303_181721_182550.jpg,w,0,0.14803171157836914
gta5_driving_dataset\images\d_20250303_181721_500577.jpg,d,2,0.10523557662963867
gta5_driving_dataset\images\w_20250303_181722_211081.jpg,w,0,0.18902802467346191
gta5_driving_dataset\images\w_20250303_181723_011469.jpg,w,0,0.43453264236450195
gta5_driving_dataset\images\w_20250303_181723_324957.jpg,w,0,0.15866851806640625
gta5_driving_dataset\images\w_20250303_181723_785299.jpg,w,0,0.32793545722961426
gta5_driving_dataset\images\w_20250303_181724_236313.jpg,w,0,0.11768031120300293
gta5_driving_dataset\images\w_20250303_181724_791030.jpg,w,0,0.17937612533569336
gta5_driving_dataset\images\w_20250303_181725_097476.jpg,w,0,0.14826583862304688
gta5_driving_dataset\images\d_20250303_181725_397010.jpg,d,2,0.10603880882263184
gta5_driving_dataset\images\w_20250303_181725_731808.jpg,w,0,0.12726926803588867
gta5_driving_dataset\images\w_20250303_181726_062212.jpg,w,0,0.15973496437072754
gta5_driving_dataset\images\w_20250303_181726_450149.jpg,w,0,0.17887639999389648
gta5_driving_dataset\images\d_20250303_181726_885897.jpg,d,2,0.1056666374206543
gta5_driving_dataset\images\w_20250303_181727_168476.jpg,w,0,0.14861440658569336
gta5_driving_dataset\images\w_20250303_181727_530858.jpg,w,0,0.19033575057983398
gta5_driving_dataset\images\w_20250303_181727_895313.jpg,w,0,0.1688213348388672
gta5_driving_dataset\images\w_20250303_181728_264734.jpg,w,0,0.18974089622497559
gta5_driving_dataset\images\w_20250303_181728_661710.jpg,w,0,0.2120499610900879
gta5_driving_dataset\images\w_20250303_181729_042118.jpg,w,0,0.21082758903503418
gta5_driving_dataset\images\d_20250303_181729_351320.jpg,d,2,0.10550308227539062
gta5_driving_dataset\images\w_20250303_181729_737823.jpg,w,0,0.1897737979888916
gta5_driving_dataset\images\w_20250303_181730_085930.jpg,w,0,0.17928862571716309
gta5_driving_dataset\images\w_20250303_181730_464819.jpg,w,0,0.15839791297912598
gta5_driving_dataset\images\w_20250303_181730_848241.jpg,w,0,0.16997313499450684
gta5_driving_dataset\images\d_20250303_181731_170497.jpg,d,2,0.12763309478759766
gta5_driving_dataset\images\w_20250303_181731_614992.jpg,w,0,0.13744163513183594
gta5_driving_dataset\images\w_20250303_181732_076797.jpg,w,0,0.0848088264465332
gta5_driving_dataset\images\w_20250303_181732_628414.jpg,w,0,0.11612772941589355
gta5_driving_dataset\images\d_20250303_181732_982566.jpg,d,2,0.0633091926574707
gta5_driving_dataset\images\w_20250303_181733_725322.jpg,w,0,0.2761991024017334
gta5_driving_dataset\images\s_20250303_181734_092185.jpg,s,3,0.21207523345947266
gta5_driving_dataset\images\a_20250303_181734_548064.jpg,a,1,0.15882205963134766
gta5_driving_dataset\images\w_20250303_181735_030508.jpg,w,0,0.2530648708343506
gta5_driving_dataset\images\w_20250303_181735_318117.jpg,w,0,0.15818190574645996
gta5_driving_dataset\images\w_20250303_181735_650074.jpg,w,0,0.20007061958312988
gta5_driving_dataset\images\w_20250303_181736_457961.jpg,w,0,0.6757614612579346
gta5_driving_dataset\images\w_20250303_181737_082807.jpg,w,0,0.4967818260192871
gta5_driving_dataset\images\w_20250303_181737_405068.jpg,w,0,0.14863920211791992
gta5_driving_dataset\images\w_20250303_181737_775455.jpg,w,0,0.20048093795776367
gta5_driving_dataset\images\w_20250303_181738_477187.jpg,w,0,0.5495915412902832
gta5_driving_dataset\images\w_20250303_181738_803393.jpg,w,0,0.16933345794677734
gta5_driving_dataset\images\w_20250303_181739_064003.jpg,w,0,0.12762784957885742
gta5_driving_dataset\images\w_20250303_181739_404804.jpg,w,0,0.18059515953063965
gta5_driving_dataset\images\w_20250303_181739_714664.jpg,w,0,0.170335054397583
gta5_driving_dataset\images\w_20250303_181740_026944.jpg,w,0,0.1798717975616455
gta5_driving_dataset\images\d_20250303_181740_241060.jpg,d,2,0.10615229606628418
gta5_driving_dataset\images\d_20250303_181740_622603.jpg,d,2,0.116546630859375
gta5_driving_dataset\images\w_20250303_181740_944956.jpg,w,0,0.18256092071533203
gta5_driving_dataset\images\a_20250303_181741_188081.jpg,a,1,0.10598039627075195
gta5_driving_dataset\images\w_20250303_181741_613879.jpg,w,0,0.2868316173553467
gta5_driving_dataset\images\w_20250303_181742_152266.jpg,w,0,0.4031858444213867
gta5_driving_dataset\images\d_20250303_181742_293317.jpg,d,2,0.03214287757873535
gta5_driving_dataset\images\d_20250303_181742_626856.jpg,d,2,0.0848398208618164
gta5_driving_dataset\images\w_20250303_181743_096630.jpg,w,0,0.22203779220581055
gta5_driving_dataset\images\w_20250303_181743_439654.jpg,w,0,0.2115333080291748
gta5_driving_dataset\images\w_20250303_181743_737235.jpg,w,0,0.1692342758178711
gta5_driving_dataset\images\w_20250303_181744_069406.jpg,w,0,0.18123126029968262
gta5_driving_dataset\images\w_20250303_181744_349879.jpg,w,0,0.1278383731842041
gta5_driving_dataset\images\w_20250303_181744_867162.jpg,w,0,0.14766931533813477
gta5_driving_dataset\images\d_20250303_181745_413441.jpg,d,2,0.07431745529174805
gta5_driving_dataset\images\w_20250303_181745_897571.jpg,w,0,0.1269674301147461
gta5_driving_dataset\images\w_20250303_181746_230297.jpg,w,0,0.180466890335083
gta5_driving_dataset\images\w_20250303_181746_551333.jpg,w,0,0.1490917205810547
gta5_driving_dataset\images\w_20250303_181747_157091.jpg,w,0,0.13713479042053223
gta5_driving_dataset\images\a_20250303_181749_394749.jpg,a,1,0.13727116584777832
gta5_driving_dataset\images\d_20250303_181750_656786.jpg,d,2,0.1370253562927246
gta5_driving_dataset\images\a_20250303_181751_248335.jpg,a,1,0.0853736400604248
gta5_driving_dataset\images\d_20250303_181751_888609.jpg,d,2,0.08435463905334473
gta5_driving_dataset\images\a_20250303_181752_283330.jpg,a,1,0.0954747200012207
gta5_driving_dataset\images\a_20250303_181754_885579.jpg,a,1,0.06387853622436523
gta5_driving_dataset\images\d_20250303_181755_450569.jpg,d,2,0.05301547050476074
gta5_driving_dataset\images\d_20250303_181756_893199.jpg,d,2,0.0744473934173584
gta5_driving_dataset\images\a_20250303_181757_805120.jpg,a,1,0.06331658363342285
gta5_driving_dataset\images\a_20250303_181758_423984.jpg,a,1,0.0854637622833252
gta5_driving_dataset\images\a_20250303_181807_975869.jpg,a,1,0.05276846885681152
gta5_driving_dataset\images\a_20250303_181809_993114.jpg,a,1,0.12632107734680176
gta5_driving_dataset\images\d_20250303_181811_409435.jpg,d,2,0.08485627174377441
gta5_driving_dataset\images\a_20250303_181812_350298.jpg,a,1,0.08410024642944336
gta5_driving_dataset\images\a_20250303_181812_963078.jpg,a,1,0.07489991188049316
gta5_driving_dataset\images\a_20250303_181813_515155.jpg,a,1,0.07390308380126953
gta5_driving_dataset\images\d_20250303_181816_743614.jpg,d,2,0.08626747131347656
gta5_driving_dataset\images\d_20250303_181819_699501.jpg,d,2,0.07384014129638672
gta5_driving_dataset\images\d_20250303_181821_238382.jpg,d,2,0.0957787036895752
gta5_driving_dataset\images\d_20250303_181822_287211.jpg,d,2,0.1279277801513672
gta5_driving_dataset\images\a_20250303_181823_499001.jpg,a,1,0.0850677490234375
gta5_driving_dataset\images\d_20250303_181824_372011.jpg,d,2,0.09743666648864746
gta5_driving_dataset\images\d_20250303_181825_188912.jpg,d,2,0.10641622543334961
gta5_driving_dataset\images\d_20250303_181825_444990.jpg,d,2,0.08443093299865723
gta5_driving_dataset\images\d_20250303_181826_438472.jpg,d,2,0.0844125747680664
gta5_driving_dataset\images\d_20250303_181827_594255.jpg,d,2,0.05423283576965332
gta5_driving_dataset\images\d_20250303_181827_956566.jpg,d,2,0.08495140075683594
gta5_driving_dataset\images\d_20250303_181829_001010.jpg,d,2,0.0846407413482666
gta5_driving_dataset\images\d_20250303_181829_787088.jpg,d,2,0.05281972885131836
gta5_driving_dataset\images\a_20250303_181831_531627.jpg,a,1,0.06686091423034668
gta5_driving_dataset\images\a_20250303_181832_837416.jpg,a,1,0.09540390968322754
gta5_driving_dataset\images\d_20250303_181833_561014.jpg,d,2,0.06393265724182129
gta5_driving_dataset\images\a_20250303_181834_737964.jpg,a,1,0.06580352783203125
gta5_driving_dataset\images\d_20250303_181835_333160.jpg,d,2,0.0847320556640625
gta5_driving_dataset\images\a_20250303_181836_158439.jpg,a,1,0.08445024490356445
gta5_driving_dataset\images\d_20250303_181838_171794.jpg,d,2,0.06325411796569824
gta5_driving_dataset\images\a_20250303_181838_758572.jpg,a,1,0.06340837478637695
gta5_driving_dataset\images\d_20250303_181839_207276.jpg,d,2,0.0849459171295166
gta5_driving_dataset\images\d_20250303_181843_882507.jpg,d,2,0.08589482307434082
gta5_driving_dataset\images\d_20250303_181845_968596.jpg,d,2,0.09530234336853027
gta5_driving_dataset\images\a_20250303_181846_514834.jpg,a,1,0.08556509017944336
gta5_driving_dataset\images\d_20250303_181847_267188.jpg,d,2,0.054766178131103516
gta5_driving_dataset\images\d_20250303_181850_230826.jpg,d,2,0.10664033889770508
gta5_driving_dataset\images\d_20250303_181851_424725.jpg,d,2,0.10564374923706055
gta5_driving_dataset\images\d_20250303_181854_176459.jpg,d,2,0.0742189884185791
gta5_driving_dataset\images\a_20250303_181857_567559.jpg,a,1,0.09490489959716797
gta5_driving_dataset\images\a_20250303_181859_955948.jpg,a,1,0.11727094650268555
gta5_driving_dataset\images\a_20250303_181901_796234.jpg,a,1,0.09493207931518555
gta5_driving_dataset\images\a_20250303_181902_744674.jpg,a,1,0.0848538875579834
gta5_driving_dataset\images\a_20250303_181903_470350.jpg,a,1,0.11589288711547852
gta5_driving_dataset\images\a_20250303_181903_685352.jpg,a,1,0.06326818466186523
gta5_driving_dataset\images\d_20250303_181904_568808.jpg,d,2,0.11677908897399902
gta5_driving_dataset\images\d_20250303_181905_369058.jpg,d,2,0.08391523361206055
gta5_driving_dataset\images\d_20250303_181905_931873.jpg,d,2,0.03165769577026367
gta5_driving_dataset\images\a_20250303_181906_449990.jpg,a,1,0.10688090324401855
gta5_driving_dataset\images\a_20250303_181908_793021.jpg,a,1,0.09452056884765625
gta5_driving_dataset\images\d_20250303_181909_178176.jpg,d,2,0.08421897888183594
gta5_driving_dataset\images\a_20250303_181909_943483.jpg,a,1,0.06434464454650879
gta5_driving_dataset\images\d_20250303_181910_848483.jpg,d,2,0.07338953018188477
gta5_driving_dataset\images\a_20250303_181911_541064.jpg,a,1,0.07326626777648926
gta5_driving_dataset\images\d_20250303_181912_149526.jpg,d,2,0.1375887393951416
gta5_driving_dataset\images\a_20250303_181912_621878.jpg,a,1,0.08526921272277832
gta5_driving_dataset\images\d_20250303_181912_929228.jpg,d,2,0.0969705581665039
gta5_driving_dataset\images\d_20250303_181913_855651.jpg,d,2,0.13805031776428223
gta5_driving_dataset\images\d_20250303_181916_575039.jpg,d,2,0.14775919914245605
gta5_driving_dataset\images\d_20250303_181919_157540.jpg,d,2,0.06334805488586426
gta5_driving_dataset\images\d_20250303_181919_642154.jpg,d,2,0.0631716251373291
gta5_driving_dataset\images\d_20250303_181920_070308.jpg,d,2,0.13803386688232422
gta5_driving_dataset\images\s_20250303_181920_342299.jpg,s,3,0.1268784999847412
gta5_driving_dataset\images\s_20250303_181921_129322.jpg,s,3,0.27503156661987305
gta5_driving_dataset\images\d_20250303_181921_709310.jpg,d,2,0.09664320945739746
gta5_driving_dataset\images\a_20250303_181922_232257.jpg,a,1,0.07435369491577148
gta5_driving_dataset\images\d_20250303_181922_560838.jpg,d,2,0.08501744270324707
gta5_driving_dataset\images\d_20250303_181924_021212.jpg,d,2,0.06341147422790527
gta5_driving_dataset\images\a_20250303_181925_665877.jpg,a,1,0.1368732452392578
gta5_driving_dataset\images\d_20250303_181926_285029.jpg,d,2,0.05318880081176758
gta5_driving_dataset\images\a_20250303_181927_820958.jpg,a,1,0.053763628005981445
gta5_driving_dataset\images\a_20250303_181928_441043.jpg,a,1,0.10599637031555176
gta5_driving_dataset\images\d_20250303_181929_168328.jpg,d,2,0.08545088768005371
gta5_driving_dataset\images\d_20250303_181930_560897.jpg,d,2,0.08468413352966309
gta5_driving_dataset\images\d_20250303_181930_926622.jpg,d,2,0.07537174224853516
gta5_driving_dataset\images\d_20250303_181932_053279.jpg,d,2,0.09494924545288086
gta5_driving_dataset\images\d_20250303_181934_371844.jpg,d,2,0.08409571647644043
gta5_driving_dataset\images\d_20250303_181935_057030.jpg,d,2,0.05281472206115723
gta5_driving_dataset\images\d_20250303_181935_875781.jpg,d,2,0.13720273971557617
gta5_driving_dataset\images\d_20250303_181936_046169.jpg,d,2,0.04323554039001465
gta5_driving_dataset\images\s_20250303_181936_459525.jpg,s,3,0.23259568214416504
gta5_driving_dataset\images\s_20250303_181936_917208.jpg,s,3,0.3267061710357666
gta5_driving_dataset\images\a_20250303_181937_104063.jpg,a,1,0.053374290466308594
gta5_driving_dataset\images\d_20250303_181938_038006.jpg,d,2,0.09597897529602051
gta5_driving_dataset\images\a_20250303_181938_649171.jpg,a,1,0.08496737480163574
gta5_driving_dataset\images\d_20250303_181939_547971.jpg,d,2,0.09536099433898926
gta5_driving_dataset\images\s_20250303_181940_512402.jpg,s,3,0.33872032165527344
gta5_driving_dataset\images\d_20250303_181941_203143.jpg,d,2,0.13804960250854492
gta5_driving_dataset\images\a_20250303_181942_486495.jpg,a,1,0.11655855178833008
gta5_driving_dataset\images\d_20250303_181942_965058.jpg,d,2,0.09514641761779785
gta5_driving_dataset\images\s_20250303_181944_600556.jpg,s,3,0.10577797889709473
gta5_driving_dataset\images\d_20250303_181945_287558.jpg,d,2,0.06374001502990723
gta5_driving_dataset\images\s_20250303_181946_192969.jpg,s,3,0.1905052661895752
gta5_driving_dataset\images\s_20250303_181946_405912.jpg,s,3,0.08506941795349121
gta5_driving_dataset\images\s_20250303_181947_154522.jpg,s,3,0.4225139617919922
gta5_driving_dataset\images\a_20250303_181948_316497.jpg,a,1,0.09687185287475586
gta5_driving_dataset\images\s_20250303_181948_787287.jpg,s,3,0.1371140480041504
gta5_driving_dataset\images\d_20250303_181949_247424.jpg,d,2,0.12906718254089355
gta5_driving_dataset\images\a_20250303_181949_970317.jpg,a,1,0.08483123779296875
gta5_driving_dataset\images\s_20250303_181951_226418.jpg,s,3,0.1264948844909668
gta5_driving_dataset\images\a_20250303_181953_118955.jpg,a,1,0.07394671440124512
gta5_driving_dataset\images\s_20250303_181954_702248.jpg,s,3,0.5302999019622803
gta5_driving_dataset\images\d_20250303_181955_065744.jpg,d,2,0.042777061462402344
gta5_driving_dataset\images\a_20250303_181955_727387.jpg,a,1,0.10561943054199219
gta5_driving_dataset\images\a_20250303_181956_280875.jpg,a,1,0.06319713592529297
gta5_driving_dataset\images\a_20250303_181956_941431.jpg,a,1,0.0852043628692627
gta5_driving_dataset\images\d_20250303_181957_482812.jpg,d,2,0.07537508010864258
gta5_driving_dataset\images\a_20250303_181957_824065.jpg,a,1,0.08516716957092285
gta5_driving_dataset\images\a_20250303_181959_455141.jpg,a,1,0.10578751564025879
gta5_driving_dataset\images\a_20250303_182000_206877.jpg,a,1,0.08493900299072266
gta5_driving_dataset\images\d_20250303_182001_472305.jpg,d,2,0.052716970443725586
gta5_driving_dataset\images\a_20250303_182002_479504.jpg,a,1,0.10552358627319336
gta5_driving_dataset\images\d_20250303_182003_575794.jpg,d,2,0.0847313404083252
gta5_driving_dataset\images\d_20250303_182004_323286.jpg,d,2,0.05380129814147949
gta5_driving_dataset\images\a_20250303_182006_606557.jpg,a,1,0.08670353889465332
gta5_driving_dataset\images\a_20250303_182006_960932.jpg,a,1,0.11661410331726074
gta5_driving_dataset\images\d_20250303_182007_502507.jpg,d,2,0.1068413257598877
gta5_driving_dataset\images\d_20250303_182007_953456.jpg,d,2,0.08497357368469238
gta5_driving_dataset\images\d_20250303_182008_307987.jpg,d,2,0.07382845878601074
gta5_driving_dataset\images\d_20250303_182011_474171.jpg,d,2,0.11719775199890137
gta5_driving_dataset\images\a_20250303_182012_536339.jpg,a,1,0.09506011009216309
gta5_driving_dataset\images\s_20250303_182013_169797.jpg,s,3,0.15828919410705566
gta5_driving_dataset\images\s_20250303_182013_376654.jpg,s,3,0.07380938529968262
gta5_driving_dataset\images\a_20250303_182014_054128.jpg,a,1,0.04267001152038574
gta5_driving_dataset\images\d_20250303_182014_818068.jpg,d,2,0.06429553031921387
gta5_driving_dataset\images\a_20250303_182016_315034.jpg,a,1,0.06325435638427734
gta5_driving_dataset\images\a_20250303_182016_574665.jpg,a,1,0.04220771789550781
gta5_driving_dataset\images\d_20250303_182016_993227.jpg,d,2,0.09582233428955078
gta5_driving_dataset\images\d_20250303_182017_287819.jpg,d,2,0.0638575553894043
gta5_driving_dataset\images\d_20250303_182021_642312.jpg,d,2,0.06430363655090332
gta5_driving_dataset\images\d_20250303_182022_934828.jpg,d,2,0.10579204559326172
gta5_driving_dataset\images\d_20250303_182023_343161.jpg,d,2,0.054753780364990234
gta5_driving_dataset\images\a_20250303_182023_724400.jpg,a,1,0.0948486328125
gta5_driving_dataset\images\a_20250303_182024_298134.jpg,a,1,0.05372905731201172
gta5_driving_dataset\images\a_20250303_182025_567452.jpg,a,1,0.04266166687011719
gta5_driving_dataset\images\a_20250303_182026_268923.jpg,a,1,0.053473711013793945
gta5_driving_dataset\images\d_20250303_182026_579169.jpg,d,2,0.1170046329498291
gta5_driving_dataset\images\d_20250303_182028_056734.jpg,d,2,0.06317710876464844
gta5_driving_dataset\images\a_20250303_182029_446031.jpg,a,1,0.07376265525817871
gta5_driving_dataset\images\d_20250303_182029_727447.jpg,d,2,0.10592412948608398
gta5_driving_dataset\images\a_20250303_182030_788875.jpg,a,1,0.08478760719299316
gta5_driving_dataset\images\d_20250303_182031_205569.jpg,d,2,0.10570526123046875
gta5_driving_dataset\images\d_20250303_182033_766196.jpg,d,2,0.06360363960266113
gta5_driving_dataset\images\a_20250303_182034_306794.jpg,a,1,0.05285954475402832
gta5_driving_dataset\images\d_20250303_182037_320986.jpg,d,2,0.05381894111633301
gta5_driving_dataset\images\a_20250303_182038_049486.jpg,a,1,0.09517669677734375
gta5_driving_dataset\images\a_20250303_182040_356710.jpg,a,1,0.07476997375488281
gta5_driving_dataset\images\d_20250303_182040_640478.jpg,d,2,0.10689258575439453
gta5_driving_dataset\images\d_20250303_182041_545938.jpg,d,2,0.085845947265625
gta5_driving_dataset\images\a_20250303_182042_265101.jpg,a,1,0.06281232833862305
gta5_driving_dataset\images\d_20250303_182042_863102.jpg,d,2,0.05279374122619629
gta5_driving_dataset\images\a_20250303_182044_643369.jpg,a,1,0.05320310592651367
gta5_driving_dataset\images\d_20250303_182045_115725.jpg,d,2,0.04226350784301758
gta5_driving_dataset\images\d_20250303_182046_025686.jpg,d,2,0.0743861198425293
gta5_driving_dataset\images\a_20250303_182046_548225.jpg,a,1,0.0635688304901123
gta5_driving_dataset\images\d_20250303_182047_199812.jpg,d,2,0.05229663848876953
gta5_driving_dataset\images\d_20250303_182048_925741.jpg,d,2,0.09483718872070312
gta5_driving_dataset\images\a_20250303_182049_664152.jpg,a,1,0.09473514556884766
gta5_driving_dataset\images\d_20250303_182050_061972.jpg,d,2,0.05329108238220215
gta5_driving_dataset\images\a_20250303_182050_859522.jpg,a,1,0.10560178756713867
gta5_driving_dataset\images\d_20250303_182051_169017.jpg,d,2,0.07451009750366211
gta5_driving_dataset\images\d_20250303_182052_460177.jpg,d,2,0.10543107986450195
gta5_driving_dataset\images\a_20250303_182052_939904.jpg,a,1,0.1164846420288086
gta5_driving_dataset\images\d_20250303_182053_695347.jpg,d,2,0.08486747741699219
gta5_driving_dataset\images\a_20250303_182054_041608.jpg,a,1,0.05276226997375488
gta5_driving_dataset\images\d_20250303_182054_415630.jpg,d,2,0.07439851760864258
gta5_driving_dataset\images\a_20250303_182055_156502.jpg,a,1,0.06385636329650879
gta5_driving_dataset\images\d_20250303_182055_580135.jpg,d,2,0.042688608169555664
gta5_driving_dataset\images\d_20250303_182056_346151.jpg,d,2,0.05377364158630371
gta5_driving_dataset\images\d_20250303_182058_614659.jpg,d,2,0.08387637138366699
gta5_driving_dataset\images\a_20250303_182058_955832.jpg,a,1,0.08441972732543945
gta5_driving_dataset\images\d_20250303_182059_419757.jpg,d,2,0.06361579895019531
gta5_driving_dataset\images\d_20250303_182100_705355.jpg,d,2,0.08392906188964844
gta5_driving_dataset\images\a_20250303_182101_017035.jpg,a,1,0.08482933044433594
gta5_driving_dataset\images\d_20250303_182101_620533.jpg,d,2,0.06378936767578125
gta5_driving_dataset\images\d_20250303_182102_619036.jpg,d,2,0.09551382064819336
gta5_driving_dataset\images\a_20250303_182102_972232.jpg,a,1,0.0952310562133789
gta5_driving_dataset\images\d_20250303_182103_292430.jpg,d,2,0.09429383277893066
gta5_driving_dataset\images\a_20250303_182103_635001.jpg,a,1,0.0849752426147461
gta5_driving_dataset\images\d_20250303_182103_944282.jpg,d,2,0.07324004173278809
gta5_driving_dataset\images\a_20250303_182106_339841.jpg,a,1,0.11756348609924316
gta5_driving_dataset\images\d_20250303_182107_684239.jpg,d,2,0.08583641052246094
gta5_driving_dataset\images\a_20250303_182107_934232.jpg,a,1,0.08413219451904297
gta5_driving_dataset\images\a_20250303_182109_330510.jpg,a,1,0.07386183738708496
gta5_driving_dataset\images\d_20250303_182112_351816.jpg,d,2,0.07421350479125977
gta5_driving_dataset\images\d_20250303_182112_716491.jpg,d,2,0.08487725257873535
gta5_driving_dataset\images\a_20250303_182113_045572.jpg,a,1,0.09467172622680664
gta5_driving_dataset\images\d_20250303_182113_355059.jpg,d,2,0.07389402389526367
gta5_driving_dataset\images\a_20250303_182113_984098.jpg,a,1,0.0848836898803711
gta5_driving_dataset\images\d_20250303_182114_477814.jpg,d,2,0.09500336647033691
gta5_driving_dataset\images\d_20250303_182115_937639.jpg,d,2,0.09618449211120605
gta5_driving_dataset\images\a_20250303_182116_453564.jpg,a,1,0.06335735321044922
gta5_driving_dataset\images\d_20250303_182116_784570.jpg,d,2,0.10572361946105957
gta5_driving_dataset\images\a_20250303_182118_416607.jpg,a,1,0.07433891296386719
gta5_driving_dataset\images\d_20250303_182120_401751.jpg,d,2,0.09483981132507324
gta5_driving_dataset\images\s_20250303_182121_432973.jpg,s,3,0.1053612232208252
gta5_driving_dataset\images\s_20250303_182122_490378.jpg,s,3,0.1478419303894043
gta5_driving_dataset\images\s_20250303_182123_087967.jpg,s,3,0.021549701690673828
gta5_driving_dataset\images\s_20250303_182123_360537.jpg,s,3,0.13689470291137695
gta5_driving_dataset\images\d_20250303_182123_735015.jpg,d,2,0.17978525161743164
gta5_driving_dataset\images\a_20250303_182124_257817.jpg,a,1,0.07384371757507324
gta5_driving_dataset\images\s_20250303_182124_905429.jpg,s,3,0.137864351272583
gta5_driving_dataset\images\a_20250303_182125_434491.jpg,a,1,0.12610411643981934
gta5_driving_dataset\images\a_20250303_182125_886641.jpg,a,1,0.12690377235412598
gta5_driving_dataset\images\s_20250303_182126_504779.jpg,s,3,0.09538841247558594
gta5_driving_dataset\images\s_20250303_182127_414692.jpg,s,3,0.1324903964996338
gta5_driving_dataset\images\d_20250303_182127_708859.jpg,d,2,0.11653780937194824
gta5_driving_dataset\images\a_20250303_182128_116574.jpg,a,1,0.05247759819030762
gta5_driving_dataset\images\d_20250303_182129_375154.jpg,d,2,0.09548830986022949
gta5_driving_dataset\images\a_20250303_182129_760180.jpg,a,1,0.07374286651611328
gta5_driving_dataset\images\s_20250303_182130_201988.jpg,s,3,0.1156013011932373
gta5_driving_dataset\images\s_20250303_182130_619131.jpg,s,3,0.10586309432983398
gta5_driving_dataset\images\s_20250303_182131_962917.jpg,s,3,0.09496092796325684
gta5_driving_dataset\images\s_20250303_182132_164325.jpg,s,3,0.07391190528869629
gta5_driving_dataset\images\s_20250303_182133_160040.jpg,s,3,0.2111971378326416
gta5_driving_dataset\images\s_20250303_182133_419863.jpg,s,3,0.11868524551391602
gta5_driving_dataset\images\d_20250303_182136_577167.jpg,d,2,0.07509398460388184
gta5_driving_dataset\images\d_20250303_182137_350034.jpg,d,2,0.08460187911987305
gta5_driving_dataset\images\a_20250303_182138_009067.jpg,a,1,0.08546686172485352
gta5_driving_dataset\images\a_20250303_182139_030551.jpg,a,1,0.09714388847351074
gta5_driving_dataset\images\s_20250303_182139_515337.jpg,s,3,0.09548258781433105
gta5_driving_dataset\images\d_20250303_182140_144658.jpg,d,2,0.06539177894592285
gta5_driving_dataset\images\d_20250303_182140_950388.jpg,d,2,0.05282855033874512
gta5_driving_dataset\images\s_20250303_182141_724261.jpg,s,3,0.10512733459472656
gta5_driving_dataset\images\a_20250303_182142_181130.jpg,a,1,0.08433985710144043
gta5_driving_dataset\images\a_20250303_182142_549387.jpg,a,1,0.09606456756591797
gta5_driving_dataset\images\d_20250303_182143_084160.jpg,d,2,0.05328822135925293
gta5_driving_dataset\images\s_20250303_182144_372531.jpg,s,3,0.09652376174926758
gta5_driving_dataset\images\s_20250303_182144_571957.jpg,s,3,0.06378960609436035
gta5_driving_dataset\images\s_20250303_182147_771192.jpg,s,3,0.13745689392089844
gta5_driving_dataset\images\s_20250303_182148_455409.jpg,s,3,0.11557984352111816
gta5_driving_dataset\images\d_20250303_182149_102765.jpg,d,2,0.09529638290405273
gta5_driving_dataset\images\a_20250303_182149_501332.jpg,a,1,0.08478045463562012
gta5_driving_dataset\images\s_20250303_182150_737059.jpg,s,3,0.30555176734924316
gta5_driving_dataset\images\d_20250303_182151_894441.jpg,d,2,0.03244781494140625
gta5_driving_dataset\images\s_20250303_182152_599185.jpg,s,3,0.4949760437011719
gta5_driving_dataset\images\d_20250303_182152_938942.jpg,d,2,0.2107703685760498
gta5_driving_dataset\images\d_20250303_182153_519025.jpg,d,2,0.07399511337280273
gta5_driving_dataset\images\a_20250303_182153_847686.jpg,a,1,0.09638643264770508
gta5_driving_dataset\images\s_20250303_182154_490917.jpg,s,3,0.3059217929840088
gta5_driving_dataset\images\d_20250303_182155_511848.jpg,d,2,0.7930126190185547
gta5_driving_dataset\images\d_20250303_182155_843018.jpg,d,2,0.07410025596618652
gta5_driving_dataset\images\d_20250303_182156_298302.jpg,d,2,0.1166527271270752
gta5_driving_dataset\images\a_20250303_182157_111681.jpg,a,1,0.09549736976623535
gta5_driving_dataset\images\a_20250303_182159_087163.jpg,a,1,0.10585689544677734
gta5_driving_dataset\images\a_20250303_182203_491855.jpg,a,1,0.10572409629821777
gta5_driving_dataset\images\d_20250303_182203_927199.jpg,d,2,0.08615970611572266
gta5_driving_dataset\images\s_20250303_182204_583636.jpg,s,3,0.2767496109008789
gta5_driving_dataset\images\a_20250303_182206_645150.jpg,a,1,0.09495043754577637
gta5_driving_dataset\images\s_20250303_182207_539640.jpg,s,3,0.4335792064666748
gta5_driving_dataset\images\a_20250303_182208_786519.jpg,a,1,0.09495925903320312
gta5_driving_dataset\images\s_20250303_182209_208679.jpg,s,3,0.13759756088256836
gta5_driving_dataset\images\s_20250303_182209_414941.jpg,s,3,0.0743720531463623
gta5_driving_dataset\images\d_20250303_182209_824060.jpg,d,2,0.23236775398254395
gta5_driving_dataset\images\a_20250303_182210_225024.jpg,a,1,0.06330227851867676
gta5_driving_dataset\images\a_20250303_182210_985893.jpg,a,1,0.09537100791931152
gta5_driving_dataset\images\d_20250303_182212_084023.jpg,d,2,0.0752568244934082
gta5_driving_dataset\images\d_20250303_182212_573958.jpg,d,2,0.052752017974853516
gta5_driving_dataset\images\s_20250303_182213_320614.jpg,s,3,0.17965388298034668
gta5_driving_dataset\images\s_20250303_182213_579391.jpg,s,3,0.12749242782592773
gta5_driving_dataset\images\d_20250303_182213_941121.jpg,d,2,0.042971134185791016
gta5_driving_dataset\images\d_20250303_182214_395883.jpg,d,2,0.10655856132507324
gta5_driving_dataset\images\s_20250303_182214_968256.jpg,s,3,0.08487439155578613
gta5_driving_dataset\images\d_20250303_182215_861151.jpg,d,2,0.07418656349182129
gta5_driving_dataset\images\d_20250303_182216_192289.jpg,d,2,0.10613226890563965
gta5_driving_dataset\images\d_20250303_182216_478620.jpg,d,2,0.13703608512878418
gta5_driving_dataset\images\s_20250303_182216_924294.jpg,s,3,0.13761186599731445
gta5_driving_dataset\images\d_20250303_182217_833352.jpg,d,2,0.07479476928710938
gta5_driving_dataset\images\d_20250303_182218_533301.jpg,d,2,0.10548639297485352
gta5_driving_dataset\images\s_20250303_182219_010925.jpg,s,3,0.10630249977111816
gta5_driving_dataset\images\d_20250303_182219_316845.jpg,d,2,0.17849254608154297
gta5_driving_dataset\images\a_20250303_182219_751714.jpg,a,1,0.0963888168334961
gta5_driving_dataset\images\s_20250303_182220_822474.jpg,s,3,0.11499238014221191
gta5_driving_dataset\images\a_20250303_182221_435832.jpg,a,1,0.07372164726257324
gta5_driving_dataset\images\a_20250303_182222_063499.jpg,a,1,0.10527276992797852
gta5_driving_dataset\images\a_20250303_182222_792923.jpg,a,1,0.12739205360412598
gta5_driving_dataset\images\s_20250303_182223_170695.jpg,s,3,0.14737963676452637
gta5_driving_dataset\images\a_20250303_182223_663470.jpg,a,1,0.10494351387023926
gta5_driving_dataset\images\a_20250303_182224_257219.jpg,a,1,0.1165304183959961
gta5_driving_dataset\images\a_20250303_182224_525437.jpg,a,1,0.08409285545349121
gta5_driving_dataset\images\s_20250303_182225_718206.jpg,s,3,0.10595941543579102
gta5_driving_dataset\images\s_20250303_182225_919974.jpg,s,3,0.07418537139892578
gta5_driving_dataset\images\d_20250303_182226_143797.jpg,d,2,0.05300712585449219
gta5_driving_dataset\images\s_20250303_182228_196275.jpg,s,3,0.0747075080871582
gta5_driving_dataset\images\d_20250303_182229_082592.jpg,d,2,0.09526538848876953
gta5_driving_dataset\images\a_20250303_182229_552502.jpg,a,1,0.06444334983825684
gta5_driving_dataset\images\s_20250303_182230_062437.jpg,s,3,0.11713051795959473
gta5_driving_dataset\images\a_20250303_182230_609681.jpg,a,1,0.10660266876220703
gta5_driving_dataset\images\d_20250303_182231_079366.jpg,d,2,0.10613560676574707
gta5_driving_dataset\images\s_20250303_182232_043833.jpg,s,3,0.11596155166625977
gta5_driving_dataset\images\a_20250303_182232_662830.jpg,a,1,0.08486318588256836
gta5_driving_dataset\images\d_20250303_182233_237565.jpg,d,2,0.08592033386230469
gta5_driving_dataset\images\a_20250303_182234_222764.jpg,a,1,0.07386279106140137
gta5_driving_dataset\images\d_20250303_182234_575637.jpg,d,2,0.09541201591491699
gta5_driving_dataset\images\d_20250303_182235_344604.jpg,d,2,0.10742020606994629
gta5_driving_dataset\images\d_20250303_182236_531692.jpg,d,2,0.07382035255432129
gta5_driving_dataset\images\a_20250303_182236_939060.jpg,a,1,0.06427884101867676
gta5_driving_dataset\images\a_20250303_182237_216762.jpg,a,1,0.08450865745544434
gta5_driving_dataset\images\s_20250303_182237_441237.jpg,s,3,0.09554910659790039
gta5_driving_dataset\images\a_20250303_182239_119126.jpg,a,1,0.02158665657043457
gta5_driving_dataset\images\a_20250303_182239_600899.jpg,a,1,0.06424379348754883
gta5_driving_dataset\images\d_20250303_182239_937381.jpg,d,2,0.06329965591430664
gta5_driving_dataset\images\d_20250303_182240_316642.jpg,d,2,0.07421708106994629
gta5_driving_dataset\images\d_20250303_182240_788743.jpg,d,2,0.06322383880615234
gta5_driving_dataset\images\a_20250303_182241_455088.jpg,a,1,0.06312179565429688
gta5_driving_dataset\images\d_20250303_182241_779771.jpg,d,2,0.09506845474243164
gta5_driving_dataset\images\d_20250303_182242_630407.jpg,d,2,0.07474112510681152
gta5_driving_dataset\images\a_20250303_182243_171614.jpg,a,1,0.08478236198425293
gta5_driving_dataset\images\s_20250303_182243_513994.jpg,s,3,0.10538768768310547
gta5_driving_dataset\images\s_20250303_182243_678240.jpg,s,3,0.032618045806884766
gta5_driving_dataset\images\s_20250303_182243_898942.jpg,s,3,0.08480620384216309
gta5_driving_dataset\images\d_20250303_182244_794112.jpg,d,2,0.06295251846313477
gta5_driving_dataset\images\s_20250303_182245_779588.jpg,s,3,0.08440423011779785
gta5_driving_dataset\images\d_20250303_182246_532160.jpg,d,2,0.032115936279296875
gta5_driving_dataset\images\d_20250303_182248_343334.jpg,d,2,0.052687644958496094
gta5_driving_dataset\images\a_20250303_182249_273976.jpg,a,1,0.0855417251586914
gta5_driving_dataset\images\a_20250303_182250_249752.jpg,a,1,0.09494614601135254
gta5_driving_dataset\images\d_20250303_182250_599669.jpg,d,2,0.0948176383972168
gta5_driving_dataset\images\d_20250303_182250_884503.jpg,d,2,0.07355260848999023
gta5_driving_dataset\images\a_20250303_182251_271464.jpg,a,1,0.03212332725524902
gta5_driving_dataset\images\a_20250303_182252_001414.jpg,a,1,0.09499907493591309
gta5_driving_dataset\images\s_20250303_182253_022320.jpg,s,3,0.12851333618164062
gta5_driving_dataset\images\s_20250303_182253_335602.jpg,s,3,0.07739639282226562
gta5_driving_dataset\images\a_20250303_182253_914679.jpg,a,1,0.12704968452453613
gta5_driving_dataset\images\d_20250303_182254_227497.jpg,d,2,0.12360882759094238
gta5_driving_dataset\images\a_20250303_182255_033306.jpg,a,1,0.08647322654724121
gta5_driving_dataset\images\d_20250303_182255_351182.jpg,d,2,0.11656022071838379
gta5_driving_dataset\images\s_20250303_182255_676928.jpg,s,3,0.12685823440551758
gta5_driving_dataset\images\d_20250303_182256_104951.jpg,d,2,0.09610700607299805
gta5_driving_dataset\images\a_20250303_182256_696954.jpg,a,1,0.08480143547058105
gta5_driving_dataset\images\a_20250303_182257_300156.jpg,a,1,0.052875518798828125
gta5_driving_dataset\images\a_20250303_182258_662415.jpg,a,1,0.10554623603820801
gta5_driving_dataset\images\d_20250303_182259_261771.jpg,d,2,0.0847926139831543
gta5_driving_dataset\images\s_20250303_182259_801793.jpg,s,3,0.12411117553710938
gta5_driving_dataset\images\a_20250303_182301_311980.jpg,a,1,0.08513545989990234
gta5_driving_dataset\images\d_20250303_182301_994648.jpg,d,2,0.11673760414123535
gta5_driving_dataset\images\a_20250303_182302_591178.jpg,a,1,0.05384206771850586
gta5_driving_dataset\images\s_20250303_182303_127409.jpg,s,3,0.1379714012145996
gta5_driving_dataset\images\s_20250303_182303_309789.jpg,s,3,0.0437619686126709
gta5_driving_dataset\images\d_20250303_182303_640597.jpg,d,2,0.07584118843078613
gta5_driving_dataset\images\d_20250303_182304_094882.jpg,d,2,0.10555219650268555
gta5_driving_dataset\images\d_20250303_182307_630410.jpg,d,2,0.052796125411987305
gta5_driving_dataset\images\d_20250303_182307_957257.jpg,d,2,0.0738973617553711
gta5_driving_dataset\images\a_20250303_182308_539304.jpg,a,1,0.07433009147644043
gta5_driving_dataset\images\d_20250303_182309_184889.jpg,d,2,0.08490490913391113
gta5_driving_dataset\images\s_20250303_182310_552864.jpg,s,3,0.1280348300933838
gta5_driving_dataset\images\s_20250303_182310_764211.jpg,s,3,0.08550000190734863
gta5_driving_dataset\images\s_20250303_182310_960053.jpg,s,3,0.06376004219055176
gta5_driving_dataset\images\s_20250303_182311_235949.jpg,s,3,0.1480264663696289
gta5_driving_dataset\images\a_20250303_182311_551683.jpg,a,1,0.1273658275604248
gta5_driving_dataset\images\a_20250303_182312_241918.jpg,a,1,0.07440686225891113
gta5_driving_dataset\images\s_20250303_182312_682593.jpg,s,3,0.1265246868133545
gta5_driving_dataset\images\s_20250303_182312_867471.jpg,s,3,0.05377197265625
gta5_driving_dataset\images\a_20250303_182313_151914.jpg,a,1,0.15885472297668457
gta5_driving_dataset\images\s_20250303_182313_854620.jpg,s,3,0.11722993850708008
gta5_driving_dataset\images\a_20250303_182314_429938.jpg,a,1,0.07471060752868652
gta5_driving_dataset\images\d_20250303_182315_401880.jpg,d,2,0.06439089775085449
gta5_driving_dataset\images\s_20250303_182316_249468.jpg,s,3,0.3502326011657715
gta5_driving_dataset\images\a_20250303_182316_501103.jpg,a,1,0.11203575134277344
gta5_driving_dataset\images\s_20250303_182317_462202.jpg,s,3,0.12694835662841797
gta5_driving_dataset\images\s_20250303_182317_659688.jpg,s,3,0.06486153602600098
gta5_driving_dataset\images\s_20250303_182318_578212.jpg,s,3,0.11699986457824707
gta5_driving_dataset\images\s_20250303_182318_771225.jpg,s,3,0.05390524864196777
gta5_driving_dataset\images\a_20250303_182319_714732.jpg,a,1,0.3647501468658447
gta5_driving_dataset\images\d_20250303_182320_397520.jpg,d,2,0.35952019691467285
gta5_driving_dataset\images\d_20250303_182320_696164.jpg,d,2,0.11647820472717285
gta5_driving_dataset\images\d_20250303_182321_542512.jpg,d,2,0.0744626522064209
gta5_driving_dataset\images\d_20250303_182322_007770.jpg,d,2,0.09548068046569824
gta5_driving_dataset\images\d_20250303_182322_320633.jpg,d,2,0.15864181518554688
gta5_driving_dataset\images\d_20250303_182322_747469.jpg,d,2,0.2967231273651123
gta5_driving_dataset\images\d_20250303_182323_535142.jpg,d,2,0.31891465187072754
gta5_driving_dataset\images\d_20250303_182323_975346.jpg,d,2,0.2651557922363281
gta5_driving_dataset\images\d_20250303_182324_362933.jpg,d,2,0.19279861450195312
gta5_driving_dataset\images\a_20250303_182324_645198.jpg,a,1,0.09513998031616211
gta5_driving_dataset\images\a_20250303_182324_947643.jpg,a,1,0.08606982231140137
gta5_driving_dataset\images\a_20250303_182325_246892.jpg,a,1,0.08556294441223145
gta5_driving_dataset\images\a_20250303_182325_618871.jpg,a,1,0.1791088581085205
gta5_driving_dataset\images\s_20250303_182326_429783.jpg,s,3,0.6347599029541016
gta5_driving_dataset\images\s_20250303_182326_658340.jpg,s,3,0.054814815521240234
gta5_driving_dataset\images\a_20250303_182327_571532.jpg,a,1,0.05326271057128906
gta5_driving_dataset\images\s_20250303_182328_320968.jpg,s,3,0.10767245292663574
gta5_driving_dataset\images\a_20250303_182328_936875.jpg,a,1,0.10714864730834961
gta5_driving_dataset\images\a_20250303_182329_450333.jpg,a,1,0.10608935356140137
gta5_driving_dataset\images\d_20250303_182329_880676.jpg,d,2,0.1066749095916748
gta5_driving_dataset\images\a_20250303_182330_060550.jpg,a,1,0.05319809913635254
gta5_driving_dataset\images\s_20250303_182331_235903.jpg,s,3,0.10640931129455566
gta5_driving_dataset\images\s_20250303_182331_401534.jpg,s,3,0.032219648361206055
gta5_driving_dataset\images\a_20250303_182331_876940.jpg,a,1,0.0737769603729248
gta5_driving_dataset\images\a_20250303_182332_300240.jpg,a,1,0.1165761947631836
gta5_driving_dataset\images\d_20250303_182332_775975.jpg,d,2,0.12622427940368652
gta5_driving_dataset\images\s_20250303_182333_147053.jpg,s,3,0.13843584060668945
gta5_driving_dataset\images\d_20250303_182333_519205.jpg,d,2,0.11707878112792969
gta5_driving_dataset\images\s_20250303_182334_337285.jpg,s,3,0.1280512809753418
gta5_driving_dataset\images\s_20250303_182335_605809.jpg,s,3,0.09682321548461914
gta5_driving_dataset\images\d_20250303_182336_219653.jpg,d,2,0.10605216026306152
gta5_driving_dataset\images\s_20250303_182336_737406.jpg,s,3,0.10598063468933105
gta5_driving_dataset\images\d_20250303_182337_192338.jpg,d,2,0.09545135498046875
gta5_driving_dataset\images\s_20250303_182338_434132.jpg,s,3,0.12749719619750977
gta5_driving_dataset\images\s_20250303_182338_614074.jpg,s,3,0.05320572853088379
gta5_driving_dataset\images\s_20250303_182339_467630.jpg,s,3,0.06428885459899902
gta5_driving_dataset\images\s_20250303_182340_556877.jpg,s,3,0.08386087417602539
gta5_driving_dataset\images\a_20250303_182341_098281.jpg,a,1,0.08501124382019043
gta5_driving_dataset\images\s_20250303_182341_593076.jpg,s,3,0.12647342681884766
gta5_driving_dataset\images\s_20250303_182343_418610.jpg,s,3,0.10555458068847656
gta5_driving_dataset\images\s_20250303_182343_612003.jpg,s,3,0.06333160400390625
gta5_driving_dataset\images\a_20250303_182343_985242.jpg,a,1,0.24378180503845215
gta5_driving_dataset\images\a_20250303_182344_644708.jpg,a,1,0.11664032936096191
gta5_driving_dataset\images\s_20250303_182349_809882.jpg,s,3,0.08505678176879883
gta5_driving_dataset\images\s_20250303_182349_996205.jpg,s,3,0.05321931838989258
gta5_driving_dataset\images\a_20250303_182351_000965.jpg,a,1,0.0637667179107666
gta5_driving_dataset\images\s_20250303_182351_574146.jpg,s,3,0.14831209182739258
gta5_driving_dataset\images\s_20250303_182351_834121.jpg,s,3,0.126800537109375
gta5_driving_dataset\images\a_20250303_182353_175559.jpg,a,1,0.06420731544494629
gta5_driving_dataset\images\s_20250303_182353_781768.jpg,s,3,0.08476924896240234
gta5_driving_dataset\images\s_20250303_182354_202843.jpg,s,3,0.11669254302978516
gta5_driving_dataset\images\a_20250303_182356_576732.jpg,a,1,0.09525632858276367
gta5_driving_dataset\images\s_20250303_182358_801403.jpg,s,3,0.08539628982543945
gta5_driving_dataset\images\a_20250303_182400_516704.jpg,a,1,0.025147199630737305
gta5_driving_dataset\images\a_20250303_182401_678245.jpg,a,1,0.07539820671081543
gta5_driving_dataset\images\a_20250303_182403_360881.jpg,a,1,0.0864560604095459
gta5_driving_dataset\images\s_20250303_182404_142135.jpg,s,3,0.11909198760986328
gta5_driving_dataset\images\s_20250303_182404_310238.jpg,s,3,0.012044906616210938
gta5_driving_dataset\images\a_20250303_182405_902550.jpg,a,1,0.07409071922302246
gta5_driving_dataset\images\a_20250303_182406_606624.jpg,a,1,0.1065819263458252
gta5_driving_dataset\images\a_20250303_182408_020579.jpg,a,1,0.11686587333679199
gta5_driving_dataset\images\s_20250303_182408_501167.jpg,s,3,0.13728928565979004
gta5_driving_dataset\images\s_20250303_182408_652309.jpg,s,3,0.02107381820678711
gta5_driving_dataset\images\a_20250303_182409_183875.jpg,a,1,0.08444046974182129
gta5_driving_dataset\images\a_20250303_182410_378348.jpg,a,1,0.06382441520690918
gta5_driving_dataset\images\s_20250303_182411_607221.jpg,s,3,0.13791227340698242
gta5_driving_dataset\images\s_20250303_182411_885659.jpg,s,3,0.12652349472045898
gta5_driving_dataset\images\s_20250303_182412_649565.jpg,s,3,0.10558700561523438
gta5_driving_dataset\images\a_20250303_182413_203290.jpg,a,1,0.2638216018676758
gta5_driving_dataset\images\s_20250303_182415_017850.jpg,s,3,0.1064002513885498
gta5_driving_dataset\images\s_20250303_182415_218043.jpg,s,3,0.07326316833496094
gta5_driving_dataset\images\s_20250303_182417_058709.jpg,s,3,0.18928241729736328
gta5_driving_dataset\images\s_20250303_182417_304677.jpg,s,3,0.11580252647399902
gta5_driving_dataset\images\a_20250303_182421_291261.jpg,a,1,0.09610247611999512
gta5_driving_dataset\images\a_20250303_182422_839909.jpg,a,1,0.07380437850952148
gta5_driving_dataset\images\a_20250303_182423_954903.jpg,a,1,0.1172332763671875
gta5_driving_dataset\images\a_20250303_182425_480304.jpg,a,1,0.25624704360961914
gta5_driving_dataset\images\a_20250303_182426_375072.jpg,a,1,0.127394437789917
gta5_driving_dataset\images\s_20250303_182427_122704.jpg,s,3,0.12756776809692383
gta5_driving_dataset\images\s_20250303_182427_369223.jpg,s,3,0.1171722412109375
gta5_driving_dataset\images\s_20250303_182429_962237.jpg,s,3,0.15893268585205078
gta5_driving_dataset\images\s_20250303_182430_240108.jpg,s,3,0.13831233978271484
gta5_driving_dataset\images\a_20250303_182431_815687.jpg,a,1,0.056741952896118164
gta5_driving_dataset\images\s_20250303_182437_392467.jpg,s,3,0.07472848892211914
gta5_driving_dataset\images\s_20250303_182437_588231.jpg,s,3,0.06409716606140137
gta5_driving_dataset\images\a_20250303_182438_228844.jpg,a,1,0.08835077285766602
gta5_driving_dataset\images\a_20250303_182439_414337.jpg,a,1,0.0851747989654541
gta5_driving_dataset\images\s_20250303_182441_773682.jpg,s,3,0.10593342781066895
gta5_driving_dataset\images\s_20250303_182442_040538.jpg,s,3,0.13623404502868652
gta5_driving_dataset\images\s_20250303_182442_568357.jpg,s,3,0.07393264770507812
gta5_driving_dataset\images\a_20250303_182443_371887.jpg,a,1,0.07424688339233398
gta5_driving_dataset\images\s_20250303_182443_781064.jpg,s,3,0.06341266632080078
gta5_driving_dataset\images\s_20250303_182444_803805.jpg,s,3,0.10744190216064453
gta5_driving_dataset\images\s_20250303_182444_983405.jpg,s,3,0.053244590759277344
gta5_driving_dataset\images\a_20250303_182446_089364.jpg,a,1,0.043660879135131836
gta5_driving_dataset\images\a_20250303_182447_137884.jpg,a,1,0.09637236595153809
gta5_driving_dataset\images\s_20250303_182447_734138.jpg,s,3,0.14736366271972656
gta5_driving_dataset\images\s_20250303_182447_950153.jpg,s,3,0.08468389511108398
gta5_driving_dataset\images\s_20250303_182450_240764.jpg,s,3,0.11608600616455078
gta5_driving_dataset\images\s_20250303_182450_754007.jpg,s,3,0.0849313735961914
gta5_driving_dataset\images\s_20250303_182451_602222.jpg,s,3,0.14712882041931152
gta5_driving_dataset\images\s_20250303_182451_800290.jpg,s,3,0.06329989433288574
gta5_driving_dataset\images\a_20250303_182452_191107.jpg,a,1,0.08463072776794434
gta5_driving_dataset\images\s_20250303_182453_101079.jpg,s,3,0.08509278297424316
gta5_driving_dataset\images\s_20250303_182454_345181.jpg,s,3,0.12600994110107422
gta5_driving_dataset\images\s_20250303_182454_600343.jpg,s,3,0.12032103538513184
gta5_driving_dataset\images\a_20250303_182454_933358.jpg,a,1,0.08598971366882324
gta5_driving_dataset\images\a_20250303_182455_648354.jpg,a,1,0.2640724182128906
gta5_driving_dataset\images\a_20250303_182458_655609.jpg,a,1,0.05258750915527344
gta5_driving_dataset\images\a_20250303_182459_297509.jpg,a,1,0.07331609725952148
gta5_driving_dataset\images\a_20250303_182500_456782.jpg,a,1,0.05321478843688965
gta5_driving_dataset\images\a_20250303_182502_466545.jpg,a,1,0.10712027549743652
gta5_driving_dataset\images\s_20250303_182503_788957.jpg,s,3,0.10535264015197754
gta5_driving_dataset\images\a_20250303_182504_935420.jpg,a,1,0.08489871025085449
gta5_driving_dataset\images\s_20250303_182505_319154.jpg,s,3,0.12847208976745605
gta5_driving_dataset\images\s_20250303_182505_559432.jpg,s,3,0.10570216178894043
gta5_driving_dataset\images\a_20250303_182506_906946.jpg,a,1,0.08431839942932129
gta5_driving_dataset\images\s_20250303_182507_268224.jpg,s,3,0.06322622299194336
gta5_driving_dataset\images\a_20250303_182509_320069.jpg,a,1,0.05275869369506836
gta5_driving_dataset\images\a_20250303_182510_676925.jpg,a,1,0.04250144958496094
gta5_driving_dataset\images\a_20250303_182511_836398.jpg,a,1,0.08484387397766113
gta5_driving_dataset\images\a_20250303_182512_742335.jpg,a,1,0.05277276039123535
gta5_driving_dataset\images\s_20250303_182514_759598.jpg,s,3,0.09552454948425293
gta5_driving_dataset\images\s_20250303_182514_973345.jpg,s,3,0.08523702621459961
gta5_driving_dataset\images\a_20250303_182515_861652.jpg,a,1,0.09588813781738281
gta5_driving_dataset\images\a_20250303_182516_877919.jpg,a,1,0.06412386894226074
gta5_driving_dataset\images\s_20250303_182520_670218.jpg,s,3,0.1893308162689209
gta5_driving_dataset\images\s_20250303_182522_417509.jpg,s,3,0.17858242988586426
gta5_driving_dataset\images\s_20250303_182523_212217.jpg,s,3,0.26448845863342285
gta5_driving_dataset\images\s_20250303_182526_893400.jpg,s,3,0.10671067237854004
gta5_driving_dataset\images\s_20250303_182528_600866.jpg,s,3,0.1153404712677002
gta5_driving_dataset\images\s_20250303_182529_544216.jpg,s,3,0.10638880729675293
gta5_driving_dataset\images\s_20250303_182533_278499.jpg,s,3,0.07593536376953125
gta5_driving_dataset\images\s_20250303_182536_172479.jpg,s,3,0.09586858749389648
gta5_driving_dataset\images\s_20250303_182538_583257.jpg,s,3,0.07433700561523438
gta5_driving_dataset\images\s_20250303_182538_774226.jpg,s,3,0.06490445137023926
gta5_driving_dataset\images\s_20250303_182545_707017.jpg,s,3,0.0967409610748291
gta5_driving_dataset\images\s_20250303_182546_819675.jpg,s,3,0.0962529182434082
gta5_driving_dataset\images\s_20250303_182606_117484.jpg,s,3,0.13666534423828125
gta5_driving_dataset\images\s_20250303_182606_368549.jpg,s,3,0.11750364303588867
gta5_driving_dataset\images\s_20250303_182606_587483.jpg,s,3,0.09595322608947754
gta5_driving_dataset\images\s_20250303_182606_779149.jpg,s,3,0.06377243995666504
gta5_driving_dataset\images\s_20250303_182606_972740.jpg,s,3,0.0632333755493164
gta5_driving_dataset\images\s_20250303_182612_099583.jpg,s,3,0.1695411205291748
gta5_driving_dataset\images\s_20250303_182612_515501.jpg,s,3,0.28491902351379395
gta5_driving_dataset\images\s_20250303_182618_830835.jpg,s,3,0.14846014976501465
gta5_driving_dataset\images\s_20250303_182619_074605.jpg,s,3,0.11505842208862305
gta5_driving_dataset\images\s_20250303_182619_265739.jpg,s,3,0.0646677017211914
gta5_driving_dataset\images\s_20250303_182625_876443.jpg,s,3,0.949786901473999
gta5_driving_dataset\images\s_20250303_182635_090545.jpg,s,3,0.7834703922271729
gta5_driving_dataset\images\s_20250303_182643_878824.jpg,s,3,0.10596442222595215
gta5_driving_dataset\images\s_20250303_182650_877726.jpg,s,3,0.5706274509429932
gta5_driving_dataset\images\s_20250303_182653_584406.jpg,s,3,0.13797903060913086
gta5_driving_dataset\images\s_20250303_182653_810190.jpg,s,3,0.09482860565185547
gta5_driving_dataset\images\s_20250303_182654_043861.jpg,s,3,0.10533952713012695
gta5_driving_dataset\images\s_20250303_182654_545455.jpg,s,3,0.11696887016296387
gta5_driving_dataset\images\s_20250303_182658_642228.jpg,s,3,0.28597593307495117
gta5_driving_dataset\images\s_20250303_182659_924465.jpg,s,3,0.11889934539794922
gta5_driving_dataset\images\s_20250303_182701_243207.jpg,s,3,0.1577131748199463
gta5_driving_dataset\images\s_20250303_182705_057849.jpg,s,3,0.12719202041625977
gta5_driving_dataset\images\s_20250303_182705_335677.jpg,s,3,0.14914679527282715
gta5_driving_dataset\images\s_20250303_182705_570688.jpg,s,3,0.1057431697845459
gta5_driving_dataset\images\s_20250303_182707_255634.jpg,s,3,0.11554288864135742
gta5_driving_dataset\images\s_20250303_182707_440882.jpg,s,3,0.05293917655944824
gta5_driving_dataset\images\s_20250303_182711_004408.jpg,s,3,0.13738298416137695
gta5_driving_dataset\images\s_20250303_182711_862721.jpg,s,3,0.27314114570617676
gta5_driving_dataset\images\s_20250303_182718_475456.jpg,s,3,0.14733481407165527
gta5_driving_dataset\images\s_20250303_182718_690396.jpg,s,3,0.08479094505310059
gta5_driving_dataset\images\s_20250303_182720_884160.jpg,s,3,0.1258707046508789
gta5_driving_dataset\images\s_20250303_182725_680496.jpg,s,3,0.15946054458618164
gta5_driving_dataset\images\s_20250303_182725_898625.jpg,s,3,0.09522771835327148
gta5_driving_dataset\images\s_20250303_182730_143346.jpg,s,3,0.15820884704589844
gta5_driving_dataset\images\s_20250303_182730_305423.jpg,s,3,0.03224349021911621
gta5_driving_dataset\images\s_20250303_182732_234874.jpg,s,3,0.29632139205932617
gta5_driving_dataset\images\s_20250303_182739_135216.jpg,s,3,0.16765809059143066
gta5_driving_dataset\images\s_20250303_182740_711605.jpg,s,3,0.19053125381469727
gta5_driving_dataset\images\s_20250303_182740_892582.jpg,s,3,0.05279040336608887
gta5_driving_dataset\images\s_20250303_182743_283596.jpg,s,3,0.15793919563293457
gta5_driving_dataset\images\s_20250303_182745_115181.jpg,s,3,0.2110118865966797
gta5_driving_dataset\images\s_20250303_182747_319732.jpg,s,3,0.1164710521697998
